,DKG.Anc262,DKG.Anc263,DKG.Anc330,DKG.AzoV.Anf.pdb,DKG.AzoV.Vnf,map:DKG.Anc262,map:DKG.Anc263,map:DKG.Anc330,map:DKG.AzoV.Anf.pdb,map:DKG.AzoV.Vnf,entropy,resnum:AzoV.Vnf,resnum:AzoV.Anf,resnum:Anc262,resnum:Anc263,resnum:Anc330,chain,anf-vnf,nif-anfvnf,interface,index:Anc263,index:Anc262,index:Anc330,index:AzoV.Anf,index:AzoV.Vnf
0,M,M,M,M,S,MET 1,MET 1,MET 5,MET 21,SER 2,0.7219280948873623,2.0,21,1.0,1.0,5.0,C,2.068872162558619,,False,Anc263.MET1.C,Anc262.MET1.C,Anc330.MET5.C,AzoV.Anf.MET21.C,AzoV.Vnf.SER2.C
1,K,K,K,D,Q,LYS 2,LYS 2,LYS 6,ASP 22,GLN 3,1.370950594454669,3.0,22,2.0,2.0,6.0,C,1.689321431609943,,False,Anc263.LYS2.C,Anc262.LYS2.C,Anc330.LYS6.C,AzoV.Anf.ASP22.C,AzoV.Vnf.GLN3.C
2,D,D,D,A,S,ASP 3,ASP 3,ASP 7,ALA 23,SER 4,1.370950594454669,4.0,23,3.0,3.0,7.0,C,2.320112247391234,,False,Anc263.ASP3.C,Anc262.ASP3.C,Anc330.ASP7.C,AzoV.Anf.ALA23.C,AzoV.Vnf.SER4.C
3,K,K,R,R,H,LYS 4,LYS 4,ARG 8,ARG 24,HIS 5,1.5219280948873626,5.0,24,4.0,4.0,8.0,C,3.585207177309543,,False,Anc263.LYS4.C,Anc262.LYS4.C,Anc330.ARG8.C,AzoV.Anf.ARG24.C,AzoV.Vnf.HIS5.C
4,V,V,V,I,L,VAL 5,VAL 5,VAL 9,ILE 25,LEU 6,1.370950594454669,6.0,25,5.0,5.0,9.0,C,3.0830460399270336,,False,Anc263.VAL5.C,Anc262.VAL5.C,Anc330.VAL9.C,AzoV.Anf.ILE25.C,AzoV.Vnf.LEU6.C
5,E,E,E,D,D,GLU 6,GLU 6,GLU 10,ASP 26,ASP 7,0.9709505944546688,7.0,26,6.0,6.0,10.0,C,2.362257287217572,,False,Anc263.GLU6.C,Anc262.GLU6.C,Anc330.GLU10.C,AzoV.Anf.ASP26.C,AzoV.Vnf.ASP7.C
6,E,E,E,E,D,GLU 7,GLU 7,GLU 11,GLU 27,ASP 8,0.7219280948873623,8.0,27,7.0,7.0,11.0,C,1.989605059031137,,False,Anc263.GLU7.C,Anc262.GLU7.C,Anc330.GLU11.C,AzoV.Anf.GLU27.C,AzoV.Vnf.ASP8.C
7,L,L,L,L,L,LEU 8,LEU 8,LEU 12,LEU 28,LEU 9,0.0,9.0,28,8.0,8.0,12.0,C,3.899375892700386,,False,Anc263.LEU8.C,Anc262.LEU8.C,Anc330.LEU12.C,AzoV.Anf.LEU28.C,AzoV.Vnf.LEU9.C
8,F,V,V,T,F,PHE 9,VAL 9,VAL 13,THR 29,PHE 10,1.5219280948873626,10.0,29,9.0,9.0,13.0,C,-0.2350855564072102,,False,Anc263.VAL9.C,Anc262.PHE9.C,Anc330.VAL13.C,AzoV.Anf.THR29.C,AzoV.Vnf.PHE10.C
9,D,D,D,D,A,ASP 10,ASP 10,ASP 14,ASP 30,ALA 11,0.7219280948873623,11.0,30,10.0,10.0,14.0,C,1.4309820918584577,,False,Anc263.ASP10.C,Anc262.ASP10.C,Anc330.ASP14.C,AzoV.Anf.ASP30.C,AzoV.Vnf.ALA11.C
10,Y,Y,Y,Y,Y,TYR 11,TYR 11,TYR 15,TYR 31,TYR 12,0.0,12.0,31,11.0,11.0,15.0,C,4.557308086047948,,False,Anc263.TYR11.C,Anc262.TYR11.C,Anc330.TYR15.C,AzoV.Anf.TYR31.C,AzoV.Vnf.TYR12.C
11,I,I,I,I,V,ILE 12,ILE 12,ILE 16,ILE 32,VAL 13,0.7219280948873623,13.0,32,12.0,12.0,16.0,C,4.805655933515286,,False,Anc263.ILE12.C,Anc262.ILE12.C,Anc330.ILE16.C,AzoV.Anf.ILE32.C,AzoV.Vnf.VAL13.C
12,Q,Q,M,M,E,GLN 13,GLN 13,MET 17,MET 33,GLU 14,1.5219280948873626,14.0,33,13.0,13.0,17.0,C,1.47338415932893,,True,Anc263.GLN13.C,Anc262.GLN13.C,Anc330.MET17.C,AzoV.Anf.MET33.C,AzoV.Vnf.GLU14.C
13,E,E,K,K,E,GLU 14,GLU 14,LYS 18,LYS 34,GLU 15,0.9709505944546688,15.0,34,14.0,14.0,18.0,C,2.045916644188079,,True,Anc263.GLU14.C,Anc262.GLU14.C,Anc330.LYS18.C,AzoV.Anf.LYS34.C,AzoV.Vnf.GLU15.C
14,R,R,R,N,R,ARG 15,ARG 15,ARG 19,ASN 35,ARG 16,0.7219280948873623,16.0,35,15.0,15.0,19.0,C,1.941088014642925,,True,Anc263.ARG15.C,Anc262.ARG15.C,Anc330.ARG19.C,AzoV.Anf.ASN35.C,AzoV.Vnf.ARG16.C
15,C,C,C,C,C,CYS 16,CYS 16,CYS 20,CYS 36,CYS 17,0.0,17.0,36,16.0,16.0,20.0,C,6.413010369371609,,False,Anc263.CYS16.C,Anc262.CYS16.C,Anc330.CYS20.C,AzoV.Anf.CYS36.C,AzoV.Vnf.CYS17.C
16,L,L,L,L,L,LEU 17,LEU 17,LEU 21,LEU 37,LEU 18,0.0,18.0,37,17.0,17.0,21.0,C,4.97872017008428,,True,Anc263.LEU17.C,Anc262.LEU17.C,Anc330.LEU21.C,AzoV.Anf.LEU37.C,AzoV.Vnf.LEU18.C
17,W,W,W,W,W,TRP 18,TRP 18,TRP 22,TRP 38,TRP 19,0.0,19.0,38,18.0,18.0,22.0,C,7.096406399224634,,False,Anc263.TRP18.C,Anc262.TRP18.C,Anc330.TRP22.C,AzoV.Anf.TRP38.C,AzoV.Vnf.TRP19.C
18,Q,Q,Q,Q,Q,GLN 19,GLN 19,GLN 23,GLN 39,GLN 20,0.0,20.0,39,19.0,19.0,23.0,C,6.9145522093467005,,False,Anc263.GLN19.C,Anc262.GLN19.C,Anc330.GLN23.C,AzoV.Anf.GLN39.C,AzoV.Vnf.GLN20.C
19,F,F,F,F,F,PHE 20,PHE 20,PHE 24,PHE 40,PHE 21,0.0,21.0,40,20.0,20.0,24.0,C,6.089984889344348,,True,Anc263.PHE20.C,Anc262.PHE20.C,Anc330.PHE24.C,AzoV.Anf.PHE40.C,AzoV.Vnf.PHE21.C
20,Y,Y,H,H,F,TYR 21,TYR 21,HIS 25,HIS 41,PHE 22,1.5219280948873626,22.0,41,21.0,21.0,25.0,C,1.769326031071781,,True,Anc263.TYR21.C,Anc262.TYR21.C,Anc330.HIS25.C,AzoV.Anf.HIS41.C,AzoV.Vnf.PHE22.C
21,S,S,S,S,S,SER 22,SER 22,SER 26,SER 42,SER 23,0.0,23.0,42,22.0,22.0,26.0,C,6.3588442633742925,,True,Anc263.SER22.C,Anc262.SER22.C,Anc330.SER26.C,AzoV.Anf.SER42.C,AzoV.Vnf.SER23.C
22,R,R,R,R,R,ARG 23,ARG 23,ARG 27,ARG 43,ARG 24,0.0,24.0,43,23.0,23.0,27.0,C,5.957706823036961,,False,Anc263.ARG23.C,Anc262.ARG23.C,Anc330.ARG27.C,AzoV.Anf.ARG43.C,AzoV.Vnf.ARG24.C
23,S,S,A,S,T,SER 24,SER 24,ALA 28,SER 44,THR 25,1.370950594454669,25.0,44,24.0,24.0,28.0,C,2.538708832911469,,False,Anc263.SER24.C,Anc262.SER24.C,Anc330.ALA28.C,AzoV.Anf.SER44.C,AzoV.Vnf.THR25.C
24,W,W,W,W,W,TRP 25,TRP 25,TRP 29,TRP 45,TRP 26,0.0,26.0,45,25.0,25.0,29.0,C,6.925507235849844,,False,Anc263.TRP25.C,Anc262.TRP25.C,Anc330.TRP29.C,AzoV.Anf.TRP45.C,AzoV.Vnf.TRP26.C
25,D,D,D,D,D,ASP 26,ASP 26,ASP 30,ASP 46,ASP 27,0.0,27.0,46,26.0,26.0,30.0,C,6.001072022639859,,True,Anc263.ASP26.C,Anc262.ASP26.C,Anc330.ASP30.C,AzoV.Anf.ASP46.C,AzoV.Vnf.ASP27.C
26,R,R,R,R,R,ARG 27,ARG 27,ARG 31,ARG 47,ARG 28,0.0,28.0,47,27.0,27.0,31.0,C,5.957706823036961,,True,Anc263.ARG27.C,Anc262.ARG27.C,Anc330.ARG31.C,AzoV.Anf.ARG47.C,AzoV.Vnf.ARG28.C
27,E,E,E,E,E,GLU 28,GLU 28,GLU 32,GLU 48,GLU 29,0.0,29.0,48,28.0,28.0,32.0,C,2.6727396956153164,,False,Anc263.GLU28.C,Anc262.GLU28.C,Anc330.GLU32.C,AzoV.Anf.GLU48.C,AzoV.Vnf.GLU29.C
28,E,E,R,R,E,GLU 29,GLU 29,ARG 33,ARG 49,GLU 30,0.9709505944546688,30.0,49,29.0,29.0,33.0,C,0.5181727379507041,,True,Anc263.GLU29.C,Anc262.GLU29.C,Anc330.ARG33.C,AzoV.Anf.ARG49.C,AzoV.Vnf.GLU30.C
29,N,N,Q,Q,N,ASN 30,ASN 30,GLN 34,GLN 50,ASN 31,0.9709505944546688,31.0,50,30.0,30.0,34.0,C,1.7183686141378731,,False,Anc263.ASN30.C,Anc262.ASN30.C,Anc330.GLN34.C,AzoV.Anf.GLN50.C,AzoV.Vnf.ASN31.C
30,I,I,N,N,I,ILE 31,ILE 31,ASN 35,ASN 51,ILE 32,0.9709505944546688,32.0,51,31.0,31.0,35.0,C,-1.443672981796494,,False,Anc263.ILE31.C,Anc262.ILE31.C,Anc330.ASN35.C,AzoV.Anf.ASN51.C,AzoV.Vnf.ILE32.C
31,E,E,E,A,E,GLU 32,GLU 32,GLU 36,ALA 52,GLU 33,0.7219280948873623,33.0,52,32.0,32.0,36.0,C,1.6486068537161147,,False,Anc263.GLU32.C,Anc262.GLU32.C,Anc330.GLU36.C,AzoV.Anf.ALA52.C,AzoV.Vnf.GLU33.C
32,G,G,G,E,G,GLY 33,GLY 33,GLY 37,GLU 53,GLY 34,0.7219280948873623,34.0,53,33.0,33.0,37.0,C,3.2759921123283102,,False,Anc263.GLY33.C,Anc262.GLY33.C,Anc330.GLY37.C,AzoV.Anf.GLU53.C,AzoV.Vnf.GLY34.C
33,I,I,I,I,V,ILE 34,ILE 34,ILE 38,ILE 54,VAL 35,0.7219280948873623,35.0,54,34.0,34.0,38.0,C,5.181527559767002,,False,Anc263.ILE34.C,Anc262.ILE34.C,Anc330.ILE38.C,AzoV.Anf.ILE54.C,AzoV.Vnf.VAL35.C
34,L,L,L,L,L,LEU 35,LEU 35,LEU 39,LEU 55,LEU 36,0.0,36.0,55,35.0,35.0,39.0,C,3.8707792531652014,,False,Anc263.LEU35.C,Anc262.LEU35.C,Anc330.LEU39.C,AzoV.Anf.LEU55.C,AzoV.Vnf.LEU36.C
35,D,D,T,K,N,ASP 36,ASP 36,THR 40,LYS 56,ASN 37,1.9219280948873625,37.0,56,36.0,36.0,40.0,C,1.1124174158897604,,False,Anc263.ASP36.C,Anc262.ASP36.C,Anc330.THR40.C,AzoV.Anf.LYS56.C,AzoV.Vnf.ASN37.C
36,K,K,K,K,Q,LYS 37,LYS 37,LYS 41,LYS 57,GLN 38,0.7219280948873623,38.0,57,37.0,37.0,41.0,C,1.8577117509529424,,False,Anc263.LYS37.C,Anc262.LYS37.C,Anc330.LYS41.C,AzoV.Anf.LYS57.C,AzoV.Vnf.GLN38.C
37,T,T,T,T,V,THR 38,THR 38,THR 42,THR 58,VAL 39,0.7219280948873623,39.0,58,38.0,38.0,42.0,C,2.5469398277073974,,False,Anc263.THR38.C,Anc262.THR38.C,Anc330.THR42.C,AzoV.Anf.THR58.C,AzoV.Vnf.VAL39.C
38,A,A,M,K,G,ALA 39,ALA 39,MET 43,LYS 59,GLY 40,1.9219280948873625,40.0,59,39.0,39.0,43.0,C,1.151669588788231,,False,Anc263.ALA39.C,Anc262.ALA39.C,Anc330.MET43.C,AzoV.Anf.LYS59.C,AzoV.Vnf.GLY40.C
39,A,A,Q,E,R,ALA 40,ALA 40,GLN 44,GLU 60,ARG 41,1.9219280948873625,41.0,60,40.0,40.0,44.0,C,1.656900248758932,,False,Anc263.ALA40.C,Anc262.ALA40.C,Anc330.GLN44.C,AzoV.Anf.GLU60.C,AzoV.Vnf.ARG41.C
40,L,L,L,L,L,LEU 41,LEU 41,LEU 45,LEU 61,LEU 42,0.0,42.0,61,41.0,41.0,45.0,C,4.151456525687885,,False,Anc263.LEU41.C,Anc262.LEU41.C,Anc330.LEU45.C,AzoV.Anf.LEU61.C,AzoV.Vnf.LEU42.C
41,L,L,L,L,L,LEU 42,LEU 42,LEU 46,LEU 62,LEU 43,0.0,43.0,62,42.0,42.0,46.0,C,4.226987717646675,,False,Anc263.LEU42.C,Anc262.LEU42.C,Anc330.LEU46.C,AzoV.Anf.LEU62.C,AzoV.Vnf.LEU43.C
42,T,T,C,C,T,THR 43,THR 43,CYS 47,CYS 63,THR 44,0.9709505944546688,44.0,63,43.0,43.0,47.0,C,1.0107590507913808,,False,Anc263.THR43.C,Anc262.THR43.C,Anc330.CYS47.C,AzoV.Anf.CYS63.C,AzoV.Vnf.THR44.C
43,G,G,G,G,G,GLY 44,GLY 44,GLY 48,GLY 64,GLY 45,0.0,45.0,64,44.0,44.0,48.0,C,2.599427905866622,,False,Anc263.GLY44.C,Anc262.GLY44.C,Anc330.GLY48.C,AzoV.Anf.GLY64.C,AzoV.Vnf.GLY45.C
44,E,E,E,E,Q,GLU 45,GLU 45,GLU 49,GLU 65,GLN 46,0.7219280948873623,46.0,65,45.0,45.0,49.0,C,2.9040509081647032,,False,Anc263.GLU45.C,Anc262.GLU45.C,Anc330.GLU49.C,AzoV.Anf.GLU65.C,AzoV.Vnf.GLN46.C
45,K,K,P,P,E,LYS 46,LYS 46,PRO 50,PRO 66,GLU 47,1.5219280948873626,47.0,66,46.0,46.0,50.0,C,0.7774366179442419,,False,Anc263.LYS46.C,Anc262.LYS46.C,Anc330.PRO50.C,AzoV.Anf.PRO66.C,AzoV.Vnf.GLU47.C
46,V,V,V,V,P,VAL 47,VAL 47,VAL 51,VAL 67,PRO 48,0.7219280948873623,48.0,67,47.0,47.0,51.0,C,1.5708795335748158,,False,Anc263.VAL47.C,Anc262.VAL47.C,Anc330.VAL51.C,AzoV.Anf.VAL67.C,AzoV.Vnf.PRO48.C
47,V,V,D,D,L,VAL 48,VAL 48,ASP 52,ASP 68,LEU 49,1.5219280948873626,49.0,68,48.0,48.0,52.0,C,0.3256313026642842,,False,Anc263.VAL48.C,Anc262.VAL48.C,Anc330.ASP52.C,AzoV.Anf.ASP68.C,AzoV.Vnf.LEU49.C
48,M,L,L,L,R,MET 49,LEU 49,LEU 53,LEU 69,ARG 50,1.370950594454669,50.0,69,49.0,49.0,53.0,C,0.4390939523610946,,True,Anc263.LEU49.C,Anc262.MET49.C,Anc330.LEU53.C,AzoV.Anf.LEU69.C,AzoV.Vnf.ARG50.C
49,E,E,S,S,G,GLU 50,GLU 50,SER 54,SER 70,GLY 51,1.5219280948873626,51.0,70,50.0,50.0,54.0,C,2.10820853761296,,False,Anc263.GLU50.C,Anc262.GLU50.C,Anc330.SER54.C,AzoV.Anf.SER70.C,AzoV.Vnf.GLY51.C
50,T,T,T,T,T,THR 51,THR 51,THR 55,THR 71,THR 52,0.0,52.0,71,51.0,51.0,55.0,C,5.09336124683095,,False,Anc263.THR51.C,Anc262.THR51.C,Anc330.THR55.C,AzoV.Anf.THR71.C,AzoV.Vnf.THR52.C
51,P,P,P,S,P,PRO 52,PRO 52,PRO 56,SER 72,PRO 53,0.7219280948873623,53.0,72,52.0,52.0,56.0,C,2.588002366778905,,True,Anc263.PRO52.C,Anc262.PRO52.C,Anc330.PRO56.C,AzoV.Anf.SER72.C,AzoV.Vnf.PRO53.C
52,Q,Q,A,H,Q,GLN 53,GLN 53,ALA 57,HIS 73,GLN 54,1.370950594454669,54.0,73,53.0,53.0,57.0,C,0.7429325419255938,,True,Anc263.GLN53.C,Anc262.GLN53.C,Anc330.ALA57.C,AzoV.Anf.HIS73.C,AzoV.Vnf.GLN54.C
53,D,D,D,D,E,ASP 54,ASP 54,ASP 58,ASP 74,GLU 55,0.7219280948873623,55.0,74,54.0,54.0,58.0,C,4.441137090671675,,False,Anc263.ASP54.C,Anc262.ASP54.C,Anc330.ASP58.C,AzoV.Anf.ASP74.C,AzoV.Vnf.GLU55.C
54,R,R,R,R,R,ARG 55,ARG 55,ARG 59,ARG 75,ARG 56,0.0,56.0,75,55.0,55.0,59.0,C,4.671969584381831,,True,Anc263.ARG55.C,Anc262.ARG55.C,Anc330.ARG59.C,AzoV.Anf.ARG75.C,AzoV.Vnf.ARG56.C
55,C,C,C,C,L,CYS 56,CYS 56,CYS 60,CYS 76,LEU 57,0.7219280948873623,57.0,76,56.0,56.0,60.0,C,2.2256322880776853,,True,Anc263.CYS56.C,Anc262.CYS56.C,Anc330.CYS60.C,AzoV.Anf.CYS76.C,AzoV.Vnf.LEU57.C
56,F,F,Y,Y,F,PHE 57,PHE 57,TYR 61,TYR 77,PHE 58,0.9709505944546688,58.0,77,57.0,57.0,61.0,C,3.728797194101742,,False,Anc263.PHE57.C,Anc262.PHE57.C,Anc330.TYR61.C,AzoV.Anf.TYR77.C,AzoV.Vnf.PHE58.C
57,Y,Y,W,W,Y,TYR 58,TYR 58,TRP 62,TRP 78,TYR 59,0.9709505944546688,59.0,78,58.0,58.0,62.0,C,2.3871437571014,,True,Anc263.TYR58.C,Anc262.TYR58.C,Anc330.TRP62.C,AzoV.Anf.TRP78.C,AzoV.Vnf.TYR59.C
58,A,A,V,V,A,ALA 59,ALA 59,VAL 63,VAL 79,ALA 60,0.9709505944546688,60.0,79,59.0,59.0,63.0,C,2.662665952710748,,True,Anc263.ALA59.C,Anc262.ALA59.C,Anc330.VAL63.C,AzoV.Anf.VAL79.C,AzoV.Vnf.ALA60.C
59,D,D,D,D,D,ASP 60,ASP 60,ASP 64,ASP 80,ASP 61,0.0,61.0,80,60.0,60.0,64.0,C,5.338766482646244,,True,Anc263.ASP60.C,Anc262.ASP60.C,Anc330.ASP64.C,AzoV.Anf.ASP80.C,AzoV.Vnf.ASP61.C
60,A,A,A,A,A,ALA 61,ALA 61,ALA 65,ALA 81,ALA 62,0.0,62.0,81,61.0,61.0,65.0,C,5.497202542308279,,False,Anc263.ALA61.C,Anc262.ALA61.C,Anc330.ALA65.C,AzoV.Anf.ALA81.C,AzoV.Vnf.ALA62.C
61,K,K,V,V,L,LYS 62,LYS 62,VAL 66,VAL 82,LEU 63,1.5219280948873626,63.0,82,62.0,62.0,66.0,C,-0.2526367643982407,,True,Anc263.LYS62.C,Anc262.LYS62.C,Anc330.VAL66.C,AzoV.Anf.VAL82.C,AzoV.Vnf.LEU63.C
62,I,I,V,C,A,ILE 63,ILE 63,VAL 67,CYS 83,ALA 64,1.9219280948873625,64.0,83,63.0,63.0,67.0,C,0.7936541078825485,,True,Anc263.ILE63.C,Anc262.ILE63.C,Anc330.VAL67.C,AzoV.Anf.CYS83.C,AzoV.Vnf.ALA64.C
63,L,L,L,L,M,LEU 64,LEU 64,LEU 68,LEU 84,MET 65,0.7219280948873623,65.0,84,64.0,64.0,68.0,C,4.125087821873541,,False,Anc263.LEU64.C,Anc262.LEU64.C,Anc330.LEU68.C,AzoV.Anf.LEU84.C,AzoV.Vnf.MET65.C
64,A,A,A,A,A,ALA 65,ALA 65,ALA 69,ALA 85,ALA 66,0.0,66.0,85,65.0,65.0,69.0,C,2.51310676413162,,False,Anc263.ALA65.C,Anc262.ALA65.C,Anc330.ALA69.C,AzoV.Anf.ALA85.C,AzoV.Vnf.ALA66.C
65,A,A,N,D,N,ALA 66,ALA 66,ASN 70,ASP 86,ASN 67,1.5219280948873626,67.0,86,66.0,66.0,70.0,C,0.6336579349880191,,True,Anc263.ALA66.C,Anc262.ALA66.C,Anc330.ASN70.C,AzoV.Anf.ASP86.C,AzoV.Vnf.ASN67.C
66,D,D,G,D,D,ASP 67,ASP 67,GLY 71,ASP 87,ASP 68,0.7219280948873623,68.0,87,67.0,67.0,71.0,C,0.9856036665314302,,True,Anc263.ASP67.C,Anc262.ASP67.C,Anc330.GLY71.C,AzoV.Anf.ASP87.C,AzoV.Vnf.ASP68.C
67,F,F,F,Y,V,PHE 68,PHE 68,PHE 72,TYR 88,VAL 69,1.370950594454669,69.0,88,68.0,68.0,72.0,C,2.0265756522202096,,False,Anc263.PHE68.C,Anc262.PHE68.C,Anc330.PHE72.C,AzoV.Anf.TYR88.C,AzoV.Vnf.VAL69.C
68,K,K,K,R,R,LYS 69,LYS 69,LYS 73,ARG 89,ARG 70,0.9709505944546688,70.0,89,69.0,69.0,73.0,C,3.2590688592021912,,False,Anc263.LYS69.C,Anc262.LYS69.C,Anc330.LYS73.C,AzoV.Anf.ARG89.C,AzoV.Vnf.ARG70.C
69,K,K,R,E,E,LYS 70,LYS 70,ARG 74,GLU 90,GLU 71,1.5219280948873626,71.0,90,70.0,70.0,74.0,C,1.4439524376314326,,False,Anc263.LYS70.C,Anc262.LYS70.C,Anc330.ARG74.C,AzoV.Anf.GLU90.C,AzoV.Vnf.GLU71.C
70,K,R,R,H,R,LYS 71,ARG 71,ARG 75,HIS 91,ARG 72,1.370950594454669,72.0,91,71.0,71.0,75.0,C,2.5551249864207106,,False,Anc263.ARG71.C,Anc262.LYS71.C,Anc330.ARG75.C,AzoV.Anf.HIS91.C,AzoV.Vnf.ARG72.C
71,F,F,F,Y,F,PHE 72,PHE 72,PHE 76,TYR 92,PHE 73,0.7219280948873623,73.0,92,72.0,72.0,76.0,C,4.390351968010484,,False,Anc263.PHE72.C,Anc262.PHE72.C,Anc330.PHE76.C,AzoV.Anf.TYR92.C,AzoV.Vnf.PHE73.C
72,P,P,P,P,P,PRO 73,PRO 73,PRO 77,PRO 93,PRO 74,0.0,74.0,93,73.0,73.0,77.0,C,2.388938831410845,,False,Anc263.PRO73.C,Anc262.PRO73.C,Anc330.PRO77.C,AzoV.Anf.PRO93.C,AzoV.Vnf.PRO74.C
73,W,W,W,W,W,TRP 74,TRP 74,TRP 78,TRP 94,TRP 75,0.0,75.0,94,74.0,74.0,78.0,C,6.714023688779172,,False,Anc263.TRP74.C,Anc262.TRP74.C,Anc330.TRP78.C,AzoV.Anf.TRP94.C,AzoV.Vnf.TRP75.C
74,L,L,L,I,A,LEU 75,LEU 75,LEU 79,ILE 95,ALA 76,1.370950594454669,76.0,95,75.0,75.0,79.0,C,3.451625758154008,,False,Anc263.LEU75.C,Anc262.LEU75.C,Anc330.LEU79.C,AzoV.Anf.ILE95.C,AzoV.Vnf.ALA76.C
75,K,K,N,N,S,LYS 76,LYS 76,ASN 80,ASN 96,SER 77,1.5219280948873626,77.0,96,76.0,76.0,80.0,C,1.0815854904541724,,False,Anc263.LYS76.C,Anc262.LYS76.C,Anc330.ASN80.C,AzoV.Anf.ASN96.C,AzoV.Vnf.SER77.C
76,E,E,S,S,Q,GLU 77,GLU 77,SER 81,SER 97,GLN 78,1.5219280948873626,78.0,97,77.0,77.0,81.0,C,1.6255130930793362,,False,Anc263.GLU77.C,Anc262.GLU77.C,Anc330.SER81.C,AzoV.Anf.SER97.C,AzoV.Vnf.GLN78.C
77,L,M,M,M,V,LEU 78,MET 78,MET 82,MET 98,VAL 79,1.370950594454669,79.0,98,78.0,78.0,82.0,C,3.004867755758408,,False,Anc263.MET78.C,Anc262.LEU78.C,Anc330.MET82.C,AzoV.Anf.MET98.C,AzoV.Vnf.VAL79.C
78,D,D,D,S,N,ASP 79,ASP 79,ASP 83,SER 99,ASN 80,1.370950594454669,80.0,99,79.0,79.0,83.0,C,1.8837749714845724,,False,Anc263.ASP79.C,Anc262.ASP79.C,Anc330.ASP83.C,AzoV.Anf.SER99.C,AzoV.Vnf.ASN80.C
79,K,K,K,K,K,LYS 80,LYS 80,LYS 84,LYS 100,LYS 81,0.0,81.0,100,80.0,80.0,84.0,C,1.0573860120434193,,False,Anc263.LYS80.C,Anc262.LYS80.C,Anc330.LYS84.C,AzoV.Anf.LYS100.C,AzoV.Vnf.LYS81.C
80,S,S,K,E,E,SER 81,SER 81,LYS 85,GLU 101,GLU 82,1.5219280948873626,82.0,101,81.0,81.0,85.0,C,1.464199169723603,,False,Anc263.SER81.C,Anc262.SER81.C,Anc330.LYS85.C,AzoV.Anf.GLU101.C,AzoV.Vnf.GLU82.C
81,E,E,D,E,E,GLU 82,GLU 82,ASP 86,GLU 102,GLU 83,0.7219280948873623,83.0,102,82.0,82.0,86.0,C,2.703746090940716,,False,Anc263.GLU82.C,Anc262.GLU82.C,Anc330.ASP86.C,AzoV.Anf.GLU102.C,AzoV.Vnf.GLU83.C
82,I,I,I,I,I,ILE 83,ILE 83,ILE 87,ILE 103,ILE 84,0.0,84.0,103,83.0,83.0,87.0,C,3.3256784566204924,,False,Anc263.ILE83.C,Anc262.ILE83.C,Anc330.ILE87.C,AzoV.Anf.ILE103.C,AzoV.Vnf.ILE84.C
83,K,K,K,G,E,LYS 84,LYS 84,LYS 88,GLY 104,GLU 85,1.370950594454669,85.0,104,84.0,84.0,88.0,C,2.208738696344524,,False,Anc263.LYS84.C,Anc262.LYS84.C,Anc330.LYS88.C,AzoV.Anf.GLY104.C,AzoV.Vnf.GLU85.C
84,E,E,L,S,F,GLU 85,GLU 85,LEU 89,SER 105,PHE 86,1.9219280948873625,86.0,105,85.0,85.0,89.0,C,0.9486917739980204,,False,Anc263.GLU85.C,Anc262.GLU85.C,Anc330.LEU89.C,AzoV.Anf.SER105.C,AzoV.Vnf.PHE86.C
85,L,L,L,L,L,LEU 86,LEU 86,LEU 90,LEU 106,LEU 87,0.0,87.0,106,86.0,86.0,90.0,C,3.692233255295627,,False,Anc263.LEU86.C,Anc262.LEU86.C,Anc330.LEU90.C,AzoV.Anf.LEU106.C,AzoV.Vnf.LEU87.C
86,M,M,M,M,L,MET 87,MET 87,MET 91,MET 107,LEU 88,0.7219280948873623,88.0,107,87.0,87.0,91.0,C,4.2564756061349325,,False,Anc263.MET87.C,Anc262.MET87.C,Anc330.MET91.C,AzoV.Anf.MET107.C,AzoV.Vnf.LEU88.C
87,E,E,Q,Q,D,GLU 88,GLU 88,GLN 92,GLN 108,ASP 89,1.5219280948873626,89.0,108,88.0,88.0,92.0,C,1.614425806515929,,False,Anc263.GLU88.C,Anc262.GLU88.C,Anc330.GLN92.C,AzoV.Anf.GLN108.C,AzoV.Vnf.ASP89.C
88,G,G,G,G,G,GLY 89,GLY 89,GLY 93,GLY 109,GLY 90,0.0,90.0,109,89.0,89.0,93.0,C,1.2705967890082035,,False,Anc263.GLY89.C,Anc262.GLY89.C,Anc330.GLY93.C,AzoV.Anf.GLY109.C,AzoV.Vnf.GLY90.C
89,V,V,L,L,L,VAL 90,VAL 90,LEU 94,LEU 110,LEU 91,0.9709505944546688,91.0,110,90.0,90.0,94.0,C,3.2961058124174496,,False,Anc263.VAL90.C,Anc262.VAL90.C,Anc330.LEU94.C,AzoV.Anf.LEU110.C,AzoV.Vnf.LEU91.C
90,K,K,K,K,K,LYS 91,LYS 91,LYS 95,LYS 111,LYS 92,0.0,92.0,111,91.0,91.0,95.0,C,3.308130075140077,,False,Anc263.LYS91.C,Anc262.LYS91.C,Anc330.LYS95.C,AzoV.Anf.LYS111.C,AzoV.Vnf.LYS92.C
91,E,E,E,D,S,GLU 92,GLU 92,GLU 96,ASP 112,SER 93,1.370950594454669,93.0,112,92.0,92.0,96.0,C,2.0755884893385743,,False,Anc263.GLU92.C,Anc262.GLU92.C,Anc330.GLU96.C,AzoV.Anf.ASP112.C,AzoV.Vnf.SER93.C
92,R,R,R,R,R,ARG 93,ARG 93,ARG 97,ARG 113,ARG 94,0.0,94.0,113,93.0,93.0,97.0,C,3.858500039408841,,False,Anc263.ARG93.C,Anc262.ARG93.C,Anc330.ARG97.C,AzoV.Anf.ARG113.C,AzoV.Vnf.ARG94.C
93,L,L,I,M,L,LEU 94,LEU 94,ILE 98,MET 114,LEU 95,1.370950594454669,95.0,114,94.0,94.0,98.0,C,3.898323873834053,,False,Anc263.LEU94.C,Anc262.LEU94.C,Anc330.ILE98.C,AzoV.Anf.MET114.C,AzoV.Vnf.LEU95.C
94,I,I,D,D,V,ILE 95,ILE 95,ASP 99,ASP 115,VAL 96,1.5219280948873626,96.0,115,95.0,95.0,99.0,C,-3.16065360634496,,False,Anc263.ILE95.C,Anc262.ILE95.C,Anc330.ASP99.C,AzoV.Anf.ASP115.C,AzoV.Vnf.VAL96.C
95,D,D,Y,Y,D,ASP 96,ASP 96,TYR 100,TYR 116,ASP 97,0.9709505944546688,97.0,116,96.0,96.0,100.0,C,-2.089187322742556,,True,Anc263.ASP96.C,Anc262.ASP96.C,Anc330.TYR100.C,AzoV.Anf.TYR116.C,AzoV.Vnf.ASP97.C
96,I,I,L,L,V,ILE 97,ILE 97,LEU 101,LEU 117,VAL 98,1.5219280948873626,98.0,117,97.0,97.0,101.0,C,1.905992181221861,,True,Anc263.ILE97.C,Anc262.ILE97.C,Anc330.LEU101.C,AzoV.Anf.LEU117.C,AzoV.Vnf.VAL98.C
97,T,T,T,T,T,THR 98,THR 98,THR 102,THR 118,THR 99,0.0,99.0,118,98.0,98.0,102.0,C,3.6100412346078894,,False,Anc263.THR98.C,Anc262.THR98.C,Anc330.THR102.C,AzoV.Anf.THR118.C,AzoV.Vnf.THR99.C
98,I,I,I,I,I,ILE 99,ILE 99,ILE 103,ILE 119,ILE 100,0.0,100.0,119,99.0,99.0,103.0,C,5.818053441415355,,False,Anc263.ILE99.C,Anc262.ILE99.C,Anc330.ILE103.C,AzoV.Anf.ILE119.C,AzoV.Vnf.ILE100.C
99,T,T,T,T,T,THR 100,THR 100,THR 104,THR 120,THR 101,0.0,101.0,120,100.0,100.0,104.0,C,3.491578217720842,,False,Anc263.THR100.C,Anc262.THR100.C,Anc330.THR104.C,AzoV.Anf.THR120.C,AzoV.Vnf.THR101.C
100,K,K,K,G,R,LYS 101,LYS 101,LYS 105,GLY 121,ARG 102,1.370950594454669,102.0,121,101.0,101.0,105.0,C,0.4709876798964197,,True,Anc263.LYS101.C,Anc262.LYS101.C,Anc330.LYS105.C,AzoV.Anf.GLY121.C,AzoV.Vnf.ARG102.C
101,S,S,S,S,S,SER 102,SER 102,SER 106,SER 122,SER 103,0.0,103.0,122,102.0,102.0,106.0,C,6.218034558836092,,True,Anc263.SER102.C,Anc262.SER102.C,Anc330.SER106.C,AzoV.Anf.SER122.C,AzoV.Vnf.SER103.C
102,L,L,L,L,T,LEU 103,LEU 103,LEU 107,LEU 123,THR 104,0.7219280948873623,104.0,123,103.0,103.0,107.0,C,1.4180359458145737,,True,Anc263.LEU103.C,Anc262.LEU103.C,Anc330.LEU107.C,AzoV.Anf.LEU123.C,AzoV.Vnf.THR104.C
103,N,N,N,N,N,ASN 104,ASN 104,ASN 108,ASN 124,ASN 105,0.0,105.0,124,104.0,104.0,108.0,C,6.798358636312566,,True,Anc263.ASN104.C,Anc262.ASN104.C,Anc330.ASN108.C,AzoV.Anf.ASN124.C,AzoV.Vnf.ASN105.C
104,E,E,Q,E,R,GLU 105,GLU 105,GLN 109,GLU 125,ARG 106,1.370950594454669,106.0,125,105.0,105.0,109.0,C,0.2320910868037818,,True,Anc263.GLU105.C,Anc262.GLU105.C,Anc330.GLN109.C,AzoV.Anf.GLU125.C,AzoV.Vnf.ARG106.C
105,E,E,E,E,E,GLU 106,GLU 106,GLU 110,GLU 126,GLU 107,0.0,107.0,126,106.0,106.0,110.0,C,5.533710498088075,,True,Anc263.GLU106.C,Anc262.GLU106.C,Anc330.GLU110.C,AzoV.Anf.GLU126.C,AzoV.Vnf.GLU107.C
106,L,L,L,L,L,LEU 107,LEU 107,LEU 111,LEU 127,LEU 108,0.0,108.0,127,107.0,107.0,111.0,C,4.867752873168322,,False,Anc263.LEU107.C,Anc262.LEU107.C,Anc330.LEU111.C,AzoV.Anf.LEU127.C,AzoV.Vnf.LEU108.C
107,N,N,T,S,N,ASN 108,ASN 108,THR 112,SER 128,ASN 109,1.370950594454669,109.0,128,108.0,108.0,112.0,C,1.914212849045224,,False,Anc263.ASN108.C,Anc262.ASN108.C,Anc330.THR112.C,AzoV.Anf.SER128.C,AzoV.Vnf.ASN109.C
108,V,V,D,D,H,VAL 109,VAL 109,ASP 113,ASP 129,HIS 110,1.5219280948873626,110.0,129,109.0,109.0,113.0,C,-0.1916051737808953,,False,Anc263.VAL109.C,Anc262.VAL109.C,Anc330.ASP113.C,AzoV.Anf.ASP129.C,AzoV.Vnf.HIS110.C
109,P,P,P,K,H,PRO 110,PRO 110,PRO 114,LYS 130,HIS 111,1.370950594454669,111.0,130,110.0,110.0,114.0,C,1.213542062915336,,False,Anc263.PRO110.C,Anc262.PRO110.C,Anc330.PRO114.C,AzoV.Anf.LYS130.C,AzoV.Vnf.HIS111.C
110,N,N,L,H,L,ASN 111,ASN 111,LEU 115,HIS 131,LEU 112,1.5219280948873626,112.0,131,111.0,111.0,115.0,C,0.0214979108590734,,False,Anc263.ASN111.C,Anc262.ASN111.C,Anc330.LEU115.C,AzoV.Anf.HIS131.C,AzoV.Vnf.LEU112.C
111,Y,Y,Y,Y,Y,TYR 112,TYR 112,TYR 116,TYR 132,TYR 113,0.0,113.0,132,112.0,112.0,116.0,C,6.3631744575980544,,True,Anc263.TYR112.C,Anc262.TYR112.C,Anc330.TYR116.C,AzoV.Anf.TYR132.C,AzoV.Vnf.TYR113.C
